"GMCODIGO";"DCMTCODIGO";"PARCODIGO";"GPMDESTADO";"INDOCODIGO"
"2";"3";"2";"1";"1"
"4";"1";"2";"1";"1"
"5";"2";"2";"1";"1"
"6";"8";"3";"1";"16"
"7";"7";"3";"1";"16"
"8";"9";"3";"1";"16"
"11";"11";"3";"1";"16"
"12";"6";"3";"1";"16"
"14";"4";"3";"1";"16"
"15";"5";"3";"1";"16"
"18";"10";"3";"1";"16"
"19";"19";"1";"1";"66"
"20";"15";"1";"1";"66"
"21";"20";"1";"1";"66"
"23";"16";"1";"1";"66"
"24";"17";"1";"1";"66"
"25";"14";"1";"1";"66"
"27";"12";"1";"1";"66"
"28";"13";"1";"1";"66"
"29";"18";"1";"1";"66"
"31";"21";"1";"1";"66"
"10";"32";"3";"1";"16"
"16";"33";"3";"1";"16"
"19";"29";"2";"1";"91"
"20";"25";"2";"1";"91"
"21";"30";"2";"1";"91"
"23";"26";"2";"1";"91"
"24";"27";"2";"1";"91"
"25";"24";"2";"1";"91"
"27";"22";"2";"1";"91"
"28";"23";"2";"1";"91"
"29";"28";"2";"1";"91"
"31";"31";"2";"1";"91"
"307";"631";"2";"1";"116"
"307";"631";"1";"1";"116"
"395";"630";"4";"1";"116"
"395";"630";"3";"1";"116"
"395";"630";"2";"1";"116"
"395";"630";"1";"1";"116"
"125";"628";"2";"1";"81"
"75";"624";"2";"1";"107"
"75";"624";"1";"1";"107"
"127";"626";"2";"1";"107"
"127";"626";"1";"1";"107"
"49";"623";"2";"1";"107"
"49";"623";"1";"1";"107"
"101";"625";"2";"1";"107"
"101";"625";"1";"1";"107"
"153";"627";"2";"1";"107"
"153";"627";"1";"1";"107"
"36";"622";"2";"1";"107"
"36";"622";"1";"1";"107"
"114";"626";"2";"1";"107"
"88";"57";"1";"1";"63"
"88";"57";"2";"1";"63"
"62";"55";"1";"1";"63"
"62";"55";"2";"1";"63"
"93";"56";"1";"1";"63"
"93";"56";"2";"1";"63"
"67";"54";"1";"1";"63"
"67";"54";"2";"1";"63"
"58";"59";"1";"1";"63"
"60";"60";"1";"1";"63"
"70";"58";"1";"1";"63"
"58";"64";"2";"1";"54"
"60";"65";"2";"1";"54"
"69";"63";"1";"1";"54"
"69";"63";"2";"1";"54"
"30";"61";"1";"1";"54"
"30";"61";"2";"1";"54"
"114";"626";"1";"1";"107"
"140";"627";"2";"1";"107"
"17";"62";"3";"1";"54"
"95";"67";"1";"1";"54"
"95";"67";"2";"1";"54"
"70";"66";"2";"1";"54"
"84";"70";"1";"1";"6"
"59";"68";"1";"1";"6"
"59";"68";"2";"1";"6"
"111";"73";"1";"1";"6"
"111";"73";"2";"1";"6"
"85";"69";"1";"1";"6"
"85";"69";"2";"1";"6"
"140";"627";"1";"1";"107"
"23";"622";"2";"1";"107"
"86";"71";"1";"1";"6"
"96";"72";"1";"1";"6"
"23";"622";"1";"1";"107"
"62";"624";"2";"1";"107"
"62";"624";"1";"1";"107"
"10";"623";"3";"1";"107"
"64";"75";"1";"1";"14"
"64";"75";"2";"1";"14"
"10";"623";"2";"1";"107"
"84";"77";"2";"1";"14"
"86";"78";"2";"1";"14"
"142";"82";"1";"1";"14"
"142";"82";"2";"1";"14"
"166";"80";"1";"1";"14"
"166";"80";"2";"1";"14"
"90";"76";"1";"1";"14"
"90";"76";"2";"1";"14"
"116";"81";"1";"1";"14"
"116";"81";"2";"1";"14"
"96";"79";"2";"1";"14"
"10";"623";"1";"1";"107"
"88";"625";"2";"1";"107"
"88";"625";"1";"1";"107"
"112";"214";"2";"0";"107"
"140";"89";"1";"1";"108"
"140";"89";"2";"1";"108"
"112";"214";"1";"0";"107"
"148";"621";"2";"1";"115"
"145";"88";"1";"1";"108"
"145";"88";"2";"1";"108"
"117";"620";"2";"1";"115"
"143";"619";"2";"1";"115"
"143";"619";"1";"1";"115"
"167";"618";"4";"1";"115"
"3";"95";"1";"1";"15"
"3";"95";"2";"1";"15"
"144";"94";"1";"1";"15"
"144";"94";"2";"1";"15"
"167";"618";"3";"1";"115"
"136";"102";"1";"1";"27"
"138";"103";"1";"1";"27"
"22";"96";"1";"1";"27"
"22";"96";"2";"1";"27"
"139";"101";"1";"1";"27"
"139";"101";"2";"1";"27"
"87";"99";"1";"1";"27"
"87";"99";"2";"1";"27"
"9";"97";"1";"1";"27"
"9";"97";"2";"1";"27"
"9";"97";"3";"1";"27"
"167";"618";"2";"1";"115"
"167";"618";"1";"1";"115"
"61";"98";"1";"1";"27"
"61";"98";"2";"1";"27"
"148";"104";"1";"1";"27"
"136";"107";"2";"0";"23"
"138";"108";"2";"0";"23"
"79";"178";"2";"1";"57"
"167";"110";"1";"0";"23"
"167";"110";"2";"0";"23"
"167";"110";"3";"0";"23"
"167";"110";"4";"0";"23"
"143";"106";"1";"0";"23"
"143";"106";"2";"0";"23"
"148";"109";"2";"0";"23"
"1";"114";"1";"0";"8"
"2";"115";"1";"1";"8"
"333";"573";"1";"1";"48"
"351";"575";"1";"1";"48"
"169";"116";"1";"1";"8"
"169";"116";"2";"1";"8"
"169";"116";"3";"1";"8"
"169";"116";"4";"1";"8"
"147";"112";"1";"1";"8"
"147";"112";"2";"1";"8"
"5";"113";"1";"1";"8"
"181";"117";"1";"1";"8"
"181";"117";"2";"1";"8"
"180";"123";"1";"1";"83"
"180";"123";"2";"1";"83"
"180";"123";"3";"1";"83"
"180";"123";"4";"1";"83"
"168";"122";"1";"1";"83"
"168";"122";"2";"1";"83"
"168";"122";"3";"1";"83"
"168";"122";"4";"1";"83"
"68";"118";"1";"1";"83"
"68";"118";"2";"1";"83"
"146";"121";"1";"1";"83"
"146";"121";"2";"1";"83"
"94";"119";"1";"1";"83"
"94";"119";"2";"1";"83"
"432";"575";"1";"1";"48"
"308";"295";"3";"1";"41"
"63";"124";"1";"1";"38"
"63";"124";"2";"1";"38"
"175";"129";"1";"1";"38"
"175";"129";"2";"1";"38"
"175";"129";"3";"1";"38"
"175";"129";"4";"1";"38"
"141";"127";"1";"1";"38"
"141";"127";"2";"1";"38"
"89";"125";"1";"1";"38"
"89";"125";"2";"1";"38"
"397";"617";"4";"0";"79"
"397";"617";"3";"0";"79"
"165";"128";"1";"1";"38"
"165";"128";"2";"1";"38"
"165";"128";"3";"1";"38"
"165";"128";"4";"1";"38"
"26";"130";"1";"1";"21"
"26";"130";"2";"1";"21"
"66";"131";"1";"1";"43"
"66";"131";"2";"1";"43"
"92";"132";"1";"1";"43"
"92";"132";"2";"1";"43"
"397";"617";"2";"0";"79"
"91";"136";"1";"1";"5"
"91";"136";"2";"1";"5"
"13";"134";"1";"1";"5"
"13";"134";"2";"1";"5"
"13";"134";"3";"1";"5"
"117";"137";"1";"1";"5"
"65";"135";"1";"1";"5"
"65";"135";"2";"1";"5"
"397";"617";"1";"0";"79"
"321";"407";"1";"0";"79"
"307";"406";"3";"0";"79"
"307";"406";"2";"0";"79"
"307";"406";"1";"0";"79"
"269";"616";"3";"0";"43"
"269";"616";"2";"0";"43"
"269";"616";"1";"0";"43"
"243";"614";"3";"1";"12"
"243";"614";"2";"1";"12"
"398";"595";"2";"1";"12"
"398";"595";"1";"1";"12"
"413";"597";"1";"1";"12"
"256";"615";"4";"1";"12"
"286";"594";"3";"1";"12"
"286";"594";"2";"1";"12"
"286";"594";"1";"1";"12"
"243";"611";"1";"1";"43"
"353";"613";"1";"0";"43"
"230";"610";"2";"0";"43"
"230";"610";"1";"1";"43"
"256";"612";"3";"1";"43"
"256";"612";"2";"1";"43"
"256";"612";"1";"1";"43"
"149";"609";"2";"1";"1"
"149";"609";"1";"1";"1"
"32";"604";"2";"1";"1"
"32";"604";"1";"1";"1"
"71";"606";"2";"1";"1"
"71";"606";"1";"1";"1"
"123";"608";"2";"1";"1"
"123";"608";"1";"1";"1"
"45";"605";"2";"1";"1"
"45";"605";"1";"1";"1"
"97";"607";"2";"1";"1"
"97";"607";"1";"1";"1"
"58";"600";"2";"1";"17"
"58";"600";"1";"1";"17"
"110";"602";"2";"1";"17"
"110";"602";"1";"1";"17"
"6";"599";"3";"1";"17"
"6";"599";"2";"1";"17"
"6";"599";"1";"1";"17"
"84";"601";"2";"1";"17"
"84";"601";"1";"1";"17"
"136";"603";"2";"1";"17"
"136";"603";"1";"1";"17"
"19";"598";"2";"1";"17"
"19";"598";"1";"1";"17"
"317";"596";"1";"1";"12"
"379";"595";"2";"1";"12"
"379";"595";"1";"1";"12"
"335";"597";"1";"1";"12"
"302";"594";"3";"1";"12"
"302";"594";"2";"1";"12"
"302";"594";"1";"1";"12"
"196";"593";"4";"1";"33"
"196";"593";"3";"1";"33"
"196";"593";"2";"1";"33"
"196";"593";"1";"1";"33"
"183";"592";"3";"1";"33"
"183";"592";"2";"1";"33"
"183";"592";"1";"1";"33"
"183";"591";"4";"1";"92"
"170";"590";"4";"1";"92"
"170";"590";"3";"1";"92"
"170";"590";"2";"1";"92"
"170";"590";"1";"1";"92"
"1";"589";"4";"1";"92"
"1";"589";"3";"1";"92"
"1";"588";"2";"1";"98"
"1";"588";"1";"1";"98"
"372";"566";"3";"1";"111"
"372";"566";"2";"1";"111"
"372";"566";"1";"1";"111"
"399";"569";"2";"1";"111"
"399";"569";"1";"1";"111"
"433";"558";"1";"1";"48"
"367";"549";"1";"1";"48"
"401";"547";"2";"1";"93"
"401";"547";"1";"1";"93"
"273";"543";"3";"1";"93"
"273";"543";"2";"1";"93"
"273";"543";"1";"1";"93"
"374";"539";"3";"1";"80"
"374";"539";"2";"1";"80"
"374";"539";"1";"1";"80"
"375";"533";"3";"1";"80"
"375";"533";"2";"1";"80"
"375";"533";"1";"1";"80"
"407";"531";"2";"1";"74"
"123";"210";"1";"1";"36"
"125";"211";"1";"1";"36"
"78";"207";"1";"1";"36"
"78";"207";"2";"1";"36"
"104";"208";"1";"1";"36"
"104";"208";"2";"1";"36"
"52";"206";"1";"1";"36"
"52";"206";"2";"1";"36"
"130";"209";"1";"1";"36"
"135";"212";"1";"1";"36"
"32";"144";"1";"1";"42"
"33";"140";"1";"1";"42"
"34";"145";"1";"1";"42"
"36";"141";"1";"1";"42"
"37";"142";"1";"1";"42"
"38";"139";"1";"1";"42"
"40";"147";"1";"1";"42"
"41";"138";"1";"1";"42"
"42";"143";"1";"1";"42"
"44";"146";"1";"1";"42"
"32";"155";"2";"1";"37"
"33";"151";"2";"1";"37"
"34";"156";"2";"1";"37"
"36";"152";"2";"1";"37"
"37";"153";"2";"1";"37"
"38";"150";"2";"1";"37"
"40";"148";"2";"1";"37"
"41";"149";"2";"1";"37"
"42";"154";"2";"1";"37"
"44";"157";"2";"1";"37"
"45";"165";"1";"0";"56"
"46";"161";"1";"0";"56"
"47";"166";"1";"0";"56"
"49";"162";"1";"0";"56"
"50";"163";"1";"0";"56"
"51";"160";"1";"0";"56"
"53";"158";"1";"0";"56"
"54";"159";"1";"0";"56"
"55";"164";"1";"0";"56"
"57";"167";"1";"0";"56"
"45";"175";"2";"1";"97"
"46";"171";"2";"1";"97"
"47";"176";"2";"1";"97"
"49";"172";"2";"1";"97"
"50";"173";"2";"1";"97"
"51";"170";"2";"1";"97"
"53";"168";"2";"1";"97"
"54";"169";"2";"1";"97"
"55";"174";"2";"1";"97"
"57";"177";"2";"1";"97"
"71";"181";"1";"0";"57"
"73";"182";"1";"1";"57"
"131";"180";"1";"1";"57"
"79";"178";"1";"1";"57"
"105";"179";"1";"1";"57"
"105";"179";"2";"1";"57"
"83";"183";"1";"1";"57"
"71";"185";"2";"1";"10"
"73";"186";"2";"1";"10"
"75";"188";"1";"1";"10"
"75";"188";"2";"1";"10"
"101";"190";"1";"1";"10"
"101";"190";"2";"1";"10"
"80";"184";"1";"1";"10"
"80";"184";"2";"1";"10"
"106";"189";"1";"1";"10"
"106";"189";"2";"1";"10"
"83";"187";"2";"1";"10"
"97";"193";"1";"1";"31"
"99";"194";"1";"1";"31"
"77";"191";"1";"1";"31"
"77";"191";"2";"1";"31"
"129";"196";"1";"1";"31"
"129";"196";"2";"1";"31"
"103";"192";"1";"1";"31"
"103";"192";"2";"1";"31"
"155";"197";"1";"1";"31"
"155";"197";"2";"1";"31"
"109";"195";"1";"1";"31"
"97";"201";"2";"1";"34"
"72";"199";"1";"1";"34"
"72";"199";"2";"1";"34"
"124";"204";"1";"1";"34"
"124";"204";"2";"1";"34"
"98";"200";"1";"1";"34"
"98";"200";"2";"1";"34"
"150";"205";"1";"1";"34"
"99";"202";"2";"1";"34"
"109";"203";"2";"1";"34"
"117";"105";"2";"0";"23"
"123";"213";"2";"0";"107"
"125";"214";"2";"0";"107"
"135";"215";"2";"0";"107"
"149";"220";"1";"1";"100"
"151";"221";"1";"1";"100"
"153";"219";"1";"1";"100"
"153";"219";"2";"1";"100"
"127";"217";"1";"1";"100"
"127";"217";"2";"1";"100"
"132";"216";"1";"1";"100"
"132";"216";"2";"1";"100"
"158";"218";"1";"1";"100"
"158";"218";"2";"1";"100"
"161";"222";"1";"1";"100"
"149";"225";"2";"1";"32"
"151";"226";"2";"1";"32"
"131";"223";"1";"1";"32"
"131";"223";"2";"1";"32"
"157";"224";"1";"1";"32"
"157";"224";"2";"1";"32"
"161";"227";"2";"1";"32"
"39";"229";"1";"1";"87"
"39";"229";"2";"1";"87"
"130";"230";"2";"1";"61"
"156";"231";"1";"1";"61"
"156";"231";"2";"1";"61"
"76";"232";"1";"1";"18"
"76";"232";"2";"1";"18"
"154";"235";"1";"1";"18"
"154";"235";"2";"1";"18"
"102";"233";"1";"1";"18"
"102";"233";"2";"1";"18"
"128";"234";"1";"1";"18"
"128";"234";"2";"1";"18"
"43";"237";"1";"1";"81"
"43";"237";"2";"1";"81"
"108";"240";"1";"1";"81"
"108";"240";"2";"1";"81"
"56";"238";"1";"1";"81"
"56";"238";"2";"1";"81"
"134";"241";"1";"1";"81"
"82";"239";"1";"1";"81"
"82";"239";"2";"1";"81"
"134";"242";"2";"1";"41"
"160";"243";"1";"1";"41"
"160";"243";"2";"1";"41"
"150";"244";"2";"1";"28"
"152";"250";"1";"1";"55"
"152";"250";"2";"1";"55"
"100";"248";"1";"1";"55"
"100";"248";"2";"1";"55"
"48";"246";"1";"1";"55"
"48";"246";"2";"1";"55"
"126";"249";"1";"1";"55"
"126";"249";"2";"1";"55"
"74";"247";"1";"1";"55"
"74";"247";"2";"1";"55"
"35";"245";"1";"1";"55"
"35";"245";"2";"1";"55"
"159";"254";"1";"1";"65"
"159";"254";"2";"1";"65"
"107";"252";"1";"1";"65"
"107";"252";"2";"1";"65"
"133";"253";"1";"1";"65"
"133";"253";"2";"1";"65"
"81";"251";"1";"1";"65"
"81";"251";"2";"1";"65"
"110";"85";"1";"1";"108"
"112";"86";"1";"1";"108"
"114";"84";"1";"1";"108"
"114";"84";"2";"1";"108"
"119";"83";"1";"1";"108"
"119";"83";"2";"1";"108"
"122";"87";"1";"1";"108"
"6";"41";"1";"1";"26"
"7";"37";"1";"1";"26"
"8";"42";"1";"1";"26"
"10";"38";"1";"1";"26"
"11";"39";"1";"1";"26"
"12";"36";"1";"1";"26"
"14";"34";"1";"1";"26"
"15";"35";"1";"1";"26"
"16";"40";"1";"1";"26"
"18";"43";"1";"1";"26"
"6";"51";"2";"1";"68"
"7";"47";"2";"1";"68"
"8";"52";"2";"1";"68"
"10";"48";"2";"1";"68"
"11";"49";"2";"1";"68"
"12";"46";"2";"1";"68"
"14";"44";"2";"1";"68"
"15";"45";"2";"1";"68"
"16";"50";"2";"1";"68"
"18";"53";"2";"1";"68"
"17";"62";"1";"1";"54"
"17";"62";"2";"1";"54"
"137";"74";"1";"1";"6"
"137";"74";"2";"1";"6"
"110";"91";"2";"1";"15"
"112";"92";"2";"1";"15"
"118";"90";"2";"1";"15"
"122";"93";"2";"1";"15"
"113";"100";"1";"1";"27"
"113";"100";"2";"1";"27"
"120";"120";"1";"1";"83"
"120";"120";"2";"1";"83"
"121";"111";"1";"1";"8"
"121";"111";"2";"1";"8"
"118";"133";"1";"1";"43"
"115";"126";"1";"1";"38"
"115";"126";"2";"1";"38"
"163";"268";"1";"1";"4"
"163";"268";"2";"1";"4"
"163";"268";"3";"1";"4"
"163";"268";"4";"1";"4"
"173";"269";"1";"1";"4"
"173";"269";"2";"1";"4"
"173";"269";"3";"1";"4"
"173";"269";"4";"1";"4"
"186";"270";"1";"1";"4"
"186";"270";"2";"1";"4"
"186";"270";"3";"1";"4"
"186";"270";"4";"1";"4"
"205";"271";"1";"1";"4"
"205";"271";"2";"1";"4"
"203";"272";"1";"1";"20"
"203";"272";"2";"1";"20"
"203";"272";"3";"1";"20"
"203";"272";"4";"1";"20"
"311";"273";"1";"1";"20"
"311";"273";"2";"1";"20"
"311";"273";"3";"1";"20"
"339";"278";"1";"1";"22"
"323";"277";"1";"1";"22"
"181";"275";"3";"1";"22"
"181";"275";"4";"1";"22"
"194";"276";"1";"1";"22"
"194";"276";"2";"1";"22"
"194";"276";"3";"1";"22"
"194";"276";"4";"1";"22"
"330";"282";"1";"1";"24"
"313";"280";"3";"1";"24"
"346";"281";"1";"1";"24"
"337";"285";"1";"1";"29"
"338";"284";"1";"1";"29"
"326";"286";"1";"1";"29"
"205";"287";"3";"1";"29"
"205";"287";"4";"1";"29"
"348";"283";"1";"1";"29"
"1";"288";"2";"0";"1"
"4";"1";"1";"1";"1"
"4";"1";"3";"1";"1"
"4";"1";"4";"1";"1"
"179";"289";"1";"1";"1"
"303";"290";"1";"1";"35"
"303";"290";"2";"1";"35"
"303";"290";"3";"1";"35"
"3";"292";"3";"1";"40"
"3";"292";"4";"1";"40"
"178";"293";"1";"1";"40"
"178";"293";"2";"1";"40"
"178";"293";"3";"1";"40"
"308";"295";"1";"1";"41"
"308";"295";"2";"1";"41"
"201";"294";"1";"1";"41"
"201";"294";"2";"1";"41"
"201";"294";"3";"1";"41"
"201";"294";"4";"1";"41"
"350";"299";"1";"1";"41"
"315";"297";"1";"1";"41"
"315";"297";"2";"1";"41"
"315";"297";"3";"1";"41"
"332";"300";"1";"1";"41"
"210";"301";"1";"1";"41"
"210";"301";"2";"1";"41"
"210";"301";"3";"1";"41"
"210";"301";"4";"1";"41"
"209";"302";"1";"1";"52"
"209";"302";"2";"1";"52"
"209";"302";"3";"1";"52"
"209";"302";"4";"1";"52"
"347";"305";"1";"1";"51"
"314";"306";"1";"1";"51"
"314";"306";"2";"1";"51"
"314";"306";"3";"1";"51"
"202";"307";"1";"1";"67"
"202";"307";"2";"1";"67"
"202";"307";"3";"1";"67"
"202";"307";"4";"1";"67"
"331";"308";"1";"1";"67"
"170";"313";"1";"0";"77"
"172";"312";"1";"1";"77"
"177";"310";"1";"1";"77"
"177";"310";"2";"1";"77"
"177";"310";"3";"1";"77"
"177";"310";"4";"1";"77"
"190";"311";"1";"1";"77"
"190";"311";"2";"1";"77"
"190";"311";"3";"1";"77"
"182";"314";"1";"1";"77"
"170";"318";"3";"0";"86"
"179";"316";"2";"1";"86"
"179";"316";"3";"1";"86"
"179";"316";"4";"1";"86"
"192";"320";"1";"1";"86"
"192";"320";"2";"1";"86"
"182";"319";"3";"1";"86"
"170";"323";"4";"0";"94"
"172";"322";"4";"1";"94"
"191";"325";"1";"1";"94"
"191";"325";"2";"1";"94"
"191";"325";"3";"1";"94"
"191";"325";"4";"1";"94"
"178";"321";"4";"1";"94"
"182";"324";"4";"1";"94"
"183";"327";"3";"0";"95"
"185";"326";"3";"0";"95"
"208";"266";"1";"0";"95"
"208";"266";"2";"0";"95"
"208";"266";"3";"0";"95"
"208";"266";"4";"0";"95"
"192";"267";"3";"0";"95"
"192";"267";"4";"0";"95"
"195";"328";"3";"0";"95"
"162";"329";"1";"1";"98"
"162";"329";"2";"1";"98"
"162";"329";"3";"1";"98"
"162";"329";"4";"1";"98"
"171";"330";"1";"1";"99"
"171";"330";"2";"1";"99"
"171";"330";"3";"1";"99"
"171";"330";"4";"1";"99"
"184";"331";"1";"1";"99"
"184";"331";"2";"1";"99"
"184";"331";"3";"1";"99"
"183";"334";"4";"0";"102"
"185";"333";"4";"1";"102"
"329";"337";"1";"1";"102"
"344";"338";"1";"1";"102"
"204";"336";"1";"1";"102"
"204";"336";"2";"1";"102"
"204";"336";"3";"1";"102"
"190";"332";"4";"1";"102"
"195";"335";"4";"1";"102"
"324";"342";"1";"1";"105"
"342";"343";"1";"1";"105"
"193";"341";"1";"1";"105"
"193";"341";"2";"1";"105"
"193";"341";"3";"1";"105"
"193";"341";"4";"1";"105"
"239";"262";"1";"1";"11"
"239";"262";"2";"1";"11"
"252";"263";"1";"1";"11"
"252";"263";"2";"1";"11"
"309";"339";"1";"1";"105"
"309";"339";"2";"1";"105"
"309";"339";"3";"1";"105"
"233";"255";"1";"1";"3"
"233";"255";"2";"1";"3"
"246";"256";"1";"1";"3"
"246";"256";"2";"1";"3"
"246";"256";"3";"1";"3"
"259";"257";"1";"1";"3"
"259";"257";"2";"1";"3"
"259";"257";"3";"1";"3"
"259";"257";"4";"1";"3"
"278";"259";"1";"1";"3"
"278";"259";"2";"1";"3"
"278";"259";"3";"1";"3"
"207";"344";"1";"1";"85"
"207";"344";"2";"1";"85"
"207";"344";"3";"1";"85"
"207";"344";"4";"1";"85"
"313";"345";"1";"1";"85"
"313";"345";"2";"1";"85"
"1";"347";"4";"0";"88"
"2";"348";"4";"1";"88"
"189";"351";"1";"1";"88"
"189";"351";"2";"1";"88"
"189";"351";"3";"1";"88"
"189";"351";"4";"1";"88"
"166";"349";"3";"1";"88"
"166";"349";"4";"1";"88"
"176";"350";"1";"1";"88"
"176";"350";"2";"1";"88"
"176";"350";"3";"1";"88"
"176";"350";"4";"1";"88"
"5";"346";"4";"1";"88"
"204";"352";"4";"1";"89"
"312";"353";"1";"1";"89"
"312";"353";"2";"1";"89"
"312";"353";"3";"1";"89"
"183";"357";"1";"0";"64"
"185";"356";"1";"1";"64"
"305";"360";"1";"1";"64"
"305";"360";"2";"1";"64"
"305";"360";"3";"1";"64"
"200";"359";"1";"1";"64"
"200";"359";"2";"1";"64"
"200";"359";"3";"1";"64"
"200";"359";"4";"1";"64"
"322";"363";"1";"1";"64"
"340";"364";"1";"1";"64"
"188";"355";"1";"1";"64"
"188";"355";"2";"1";"64"
"188";"355";"3";"1";"64"
"188";"355";"4";"1";"64"
"195";"358";"1";"1";"64"
"383";"361";"1";"1";"64"
"383";"361";"2";"1";"64"
"417";"261";"1";"1";"3"
"359";"260";"1";"1";"3"
"248";"236";"1";"1";"18"
"248";"236";"2";"1";"18"
"248";"236";"3";"1";"18"
"235";"264";"1";"1";"18"
"235";"264";"2";"1";"18"
"282";"265";"1";"1";"19"
"282";"265";"2";"1";"19"
"282";"265";"3";"1";"19"
"365";"366";"1";"1";"19"
"378";"367";"1";"1";"19"
"378";"367";"2";"1";"19"
"378";"367";"3";"1";"19"
"409";"368";"1";"1";"19"
"409";"368";"2";"1";"19"
"428";"369";"1";"1";"19"
"388";"274";"1";"1";"20"
"388";"274";"2";"1";"20"
"379";"374";"2";"0";"20"
"381";"373";"2";"1";"20"
"393";"375";"2";"1";"20"
"183";"377";"2";"0";"22"
"185";"376";"2";"1";"22"
"195";"378";"2";"1";"22"
"302";"380";"3";"0";"24"
"304";"379";"3";"1";"24"
"389";"279";"1";"1";"24"
"389";"279";"2";"1";"24"
"316";"381";"3";"1";"24"
"196";"383";"4";"0";"29"
"197";"382";"4";"1";"29"
"211";"384";"4";"1";"29"
"196";"386";"3";"0";"35"
"318";"388";"1";"1";"35"
"394";"365";"1";"1";"35"
"394";"365";"2";"1";"35"
"394";"365";"3";"1";"35"
"394";"365";"4";"1";"35"
"197";"385";"3";"1";"35"
"443";"389";"1";"1";"35"
"391";"291";"1";"1";"35"
"391";"291";"2";"1";"35"
"211";"387";"3";"1";"35"
"1";"391";"3";"0";"40"
"2";"392";"3";"1";"40"
"5";"390";"3";"1";"40"
"390";"304";"1";"1";"51"
"390";"304";"2";"1";"51"
"379";"394";"1";"0";"52"
"440";"398";"1";"1";"52"
"380";"303";"1";"1";"52"
"380";"303";"2";"1";"52"
"381";"393";"1";"1";"52"
"282";"302";"2";"1";"52"
"282";"302";"3";"1";"52"
"436";"396";"1";"1";"52"
"436";"396";"2";"1";"52"
"436";"396";"3";"1";"52"
"378";"396";"2";"1";"52"
"438";"397";"1";"1";"52"
"393";"395";"1";"1";"52"
"196";"400";"1";"0";"67"
"197";"399";"1";"1";"67"
"211";"401";"1";"1";"67"
"386";"309";"1";"1";"69"
"386";"309";"2";"1";"69"
"441";"404";"1";"1";"69"
"435";"402";"1";"1";"69"
"435";"402";"2";"1";"69"
"435";"402";"3";"1";"69"
"325";"403";"1";"1";"69"
"395";"405";"1";"0";"79"
"395";"405";"2";"0";"79"
"395";"405";"3";"0";"79"
"395";"405";"4";"0";"79"
"434";"315";"1";"0";"79"
"434";"315";"2";"0";"79"
"434";"315";"3";"0";"79"
"376";"315";"1";"0";"79"
"439";"408";"1";"0";"79"
"302";"412";"2";"0";"84"
"304";"411";"2";"1";"84"
"199";"409";"4";"1";"84"
"187";"416";"1";"1";"84"
"187";"416";"2";"1";"84"
"187";"416";"3";"1";"84"
"187";"416";"4";"1";"84"
"164";"414";"1";"1";"84"
"164";"414";"2";"1";"84"
"164";"414";"3";"1";"84"
"164";"414";"4";"1";"84"
"306";"410";"1";"1";"84"
"306";"410";"2";"1";"84"
"306";"410";"3";"1";"84"
"174";"415";"1";"1";"84"
"174";"415";"2";"1";"84"
"174";"415";"3";"1";"84"
"174";"415";"4";"1";"84"
"316";"413";"2";"1";"84"
"172";"317";"3";"1";"86"
"184";"331";"4";"1";"99"
"335";"515";"1";"0";"105"
"336";"514";"1";"1";"105"
"396";"513";"1";"1";"105"
"396";"513";"2";"1";"105"
"396";"513";"3";"1";"105"
"396";"513";"4";"1";"105"
"385";"340";"1";"1";"105"
"385";"340";"2";"1";"105"
"352";"516";"1";"1";"105"
"170";"371";"2";"0";"4"
"172";"370";"2";"1";"4"
"182";"372";"2";"1";"4"
"317";"560";"1";"0";"41"
"319";"559";"1";"1";"41"
"384";"296";"1";"1";"41"
"384";"296";"2";"1";"41"
"392";"298";"1";"1";"41"
"392";"298";"2";"1";"41"
"334";"561";"1";"1";"41"
"242";"431";"1";"1";"11"
"242";"434";"2";"1";"18"
"300";"439";"2";"1";"19"
"274";"417";"1";"1";"22"
"274";"417";"2";"1";"22"
"274";"417";"3";"1";"22"
"185";"637";"3";"1";"72"
"208";"636";"3";"1";"72"
"419";"278";"1";"1";"22"
"402";"421";"1";"1";"22"
"402";"421";"2";"1";"22"
"292";"419";"1";"1";"22"
"292";"419";"2";"1";"22"
"292";"419";"3";"1";"22"
"357";"426";"1";"1";"22"
"299";"420";"1";"1";"22"
"299";"420";"2";"1";"22"
"299";"420";"3";"1";"22"
"267";"276";"4";"1";"22"
"269";"641";"1";"1";"30"
"243";"640";"3";"1";"30"
"243";"611";"2";"1";"43"
"366";"427";"1";"1";"22"
"397";"629";"1";"1";"116"
"307";"631";"3";"1";"116"
"431";"428";"1";"1";"22"
"411";"425";"2";"1";"22"
"276";"440";"3";"1";"25"
"138";"634";"2";"1";"115"
"439";"633";"1";"1";"116"
"415";"447";"1";"1";"25"
"295";"445";"1";"1";"25"
"295";"445";"2";"1";"25"
"295";"445";"3";"1";"25"
"361";"441";"1";"1";"25"
"406";"448";"1";"1";"25"
"406";"448";"2";"1";"25"
"368";"444";"1";"1";"25"
"231";"449";"1";"1";"28"
"231";"449";"2";"1";"28"
"257";"454";"1";"1";"28"
"244";"450";"1";"1";"28"
"244";"450";"2";"1";"28"
"244";"450";"3";"1";"28"
"255";"453";"2";"1";"28"
"403";"462";"1";"0";"30"
"403";"462";"2";"0";"30"
"293";"458";"1";"0";"30"
"293";"458";"2";"0";"30"
"293";"458";"3";"0";"30"
"192";"521";"4";"1";"72"
"192";"521";"3";"1";"72"
"421";"463";"1";"0";"30"
"373";"644";"3";"1";"29"
"373";"644";"2";"1";"29"
"373";"644";"1";"1";"29"
"371";"457";"1";"0";"30"
"266";"455";"1";"0";"30"
"266";"455";"2";"0";"30"
"266";"455";"3";"0";"30"
"266";"455";"4";"0";"30"
"300";"461";"3";"0";"30"
"236";"198";"1";"1";"31"
"236";"198";"2";"1";"31"
"238";"228";"1";"1";"32"
"238";"228";"2";"1";"32"
"256";"612";"4";"1";"43"
"135";"638";"2";"1";"81"
"414";"570";"1";"1";"111"
"287";"568";"1";"1";"111"
"287";"568";"2";"1";"111"
"287";"568";"3";"1";"111"
"407";"531";"1";"1";"74"
"405";"524";"2";"1";"75"
"405";"524";"1";"1";"75"
"257";"562";"2";"1";"111"
"257";"562";"3";"1";"111"
"257";"562";"4";"1";"111"
"284";"565";"3";"1";"111"
"369";"572";"1";"1";"111"
"164";"652";"2";"1";"117"
"164";"652";"1";"1";"117"
"195";"651";"3";"1";"72"
"264";"464";"1";"1";"40"
"264";"464";"2";"1";"40"
"251";"293";"1";"1";"40"
"251";"293";"2";"1";"40"
"251";"293";"3";"1";"40"
"267";"467";"1";"1";"41"
"267";"467";"2";"1";"41"
"267";"467";"3";"1";"41"
"241";"465";"1";"1";"41"
"241";"465";"2";"1";"41"
"254";"466";"1";"1";"41"
"254";"466";"2";"1";"41"
"254";"466";"3";"1";"41"
"268";"470";"1";"1";"41"
"234";"471";"1";"1";"44"
"234";"471";"2";"1";"44"
"260";"476";"1";"1";"44"
"260";"476";"2";"1";"44"
"260";"476";"3";"1";"44"
"260";"476";"4";"1";"44"
"247";"472";"1";"1";"44"
"247";"472";"2";"1";"44"
"247";"472";"3";"1";"44"
"290";"479";"1";"1";"44"
"290";"479";"2";"1";"44"
"290";"479";"3";"1";"44"
"272";"477";"1";"1";"44"
"272";"477";"2";"1";"44"
"272";"477";"3";"1";"44"
"266";"643";"2";"1";"29"
"266";"643";"1";"1";"29"
"421";"649";"1";"1";"29"
"355";"478";"1";"1";"44"
"255";"475";"1";"1";"44"
"280";"481";"1";"1";"46"
"280";"481";"2";"1";"46"
"280";"481";"3";"1";"46"
"264";"480";"3";"1";"46"
"264";"480";"4";"1";"46"
"418";"552";"1";"1";"48"
"423";"555";"1";"1";"48"
"360";"550";"1";"1";"48"
"424";"553";"1";"1";"48"
"429";"551";"1";"1";"48"
"430";"554";"1";"1";"48"
"275";"508";"3";"1";"69"
"275";"508";"2";"1";"69"
"249";"482";"1";"0";"50"
"249";"482";"2";"0";"50"
"249";"482";"3";"0";"50"
"262";"483";"1";"0";"50"
"262";"483";"2";"0";"50"
"262";"483";"3";"0";"50"
"262";"483";"4";"0";"50"
"276";"487";"1";"0";"50"
"276";"487";"2";"0";"50"
"268";"486";"4";"0";"50"
"263";"488";"1";"1";"59"
"263";"488";"2";"1";"59"
"263";"488";"3";"1";"59"
"263";"488";"4";"1";"59"
"277";"492";"1";"1";"59"
"277";"492";"2";"1";"59"
"277";"492";"3";"1";"59"
"268";"491";"3";"1";"59"
"265";"493";"4";"1";"60"
"298";"498";"1";"1";"60"
"281";"494";"1";"1";"60"
"281";"494";"2";"1";"60"
"281";"494";"3";"1";"60"
"230";"639";"2";"1";"30"
"269";"641";"3";"1";"30"
"269";"641";"2";"1";"30"
"364";"499";"1";"1";"60"
"284";"497";"2";"1";"60"
"250";"501";"1";"1";"61"
"250";"501";"2";"1";"61"
"250";"501";"3";"1";"61"
"237";"500";"1";"1";"61"
"237";"500";"2";"1";"61"
"253";"503";"1";"1";"65"
"253";"503";"2";"1";"65"
"253";"503";"3";"1";"65"
"240";"502";"1";"1";"65"
"240";"502";"2";"1";"65"
"404";"506";"2";"1";"67"
"298";"504";"2";"1";"67"
"298";"504";"3";"1";"67"
"397";"629";"3";"1";"116"
"397";"629";"2";"1";"116"
"427";"507";"1";"1";"67"
"411";"528";"1";"1";"67"
"300";"648";"2";"0";"29"
"288";"647";"2";"0";"29"
"353";"642";"1";"1";"30"
"358";"509";"1";"1";"69"
"321";"635";"1";"1";"116"
"422";"404";"1";"1";"69"
"377";"402";"1";"1";"69"
"377";"402";"2";"1";"69"
"377";"402";"3";"1";"69"
"300";"512";"1";"1";"69"
"252";"517";"3";"1";"72"
"265";"521";"1";"1";"72"
"265";"521";"2";"1";"72"
"265";"521";"3";"1";"72"
"255";"520";"3";"1";"72"
"434";"632";"1";"1";"116"
"397";"629";"4";"1";"116"
"426";"532";"1";"1";"74"
"297";"530";"1";"1";"74"
"297";"530";"2";"1";"74"
"297";"530";"3";"1";"74"
"363";"529";"1";"1";"74"
"362";"522";"1";"1";"75"
"434";"632";"3";"1";"116"
"434";"632";"2";"1";"116"
"425";"525";"1";"1";"75"
"296";"523";"1";"1";"75"
"296";"523";"2";"1";"75"
"296";"523";"3";"1";"75"
"291";"540";"1";"1";"80"
"291";"540";"2";"1";"80"
"291";"540";"3";"1";"80"
"403";"650";"2";"1";"29"
"403";"650";"1";"1";"29"
"371";"645";"1";"1";"29"
"370";"535";"1";"1";"80"
"293";"646";"3";"1";"29"
"293";"646";"2";"1";"29"
"293";"646";"1";"1";"29"
"376";"541";"1";"1";"80"
"376";"541";"2";"1";"80"
"376";"541";"3";"1";"80"
"284";"538";"1";"1";"80"
"261";"542";"1";"1";"93"
"261";"542";"2";"1";"93"
"261";"542";"3";"1";"93"
"261";"542";"4";"1";"93"
"289";"545";"1";"1";"93"
"289";"545";"2";"1";"93"
"289";"545";"3";"1";"93"
"208";"636";"4";"1";"72"
"266";"643";"4";"1";"29"
"266";"643";"3";"1";"29"
"356";"544";"1";"1";"93"
"208";"636";"2";"1";"72"
"208";"636";"1";"1";"72"
"420";"548";"1";"1";"93"
"343";"555";"1";"1";"48"
"327";"574";"1";"1";"48"
"345";"553";"1";"1";"48"
"349";"554";"1";"1";"48"
"275";"508";"1";"1";"69"
"404";"309";"1";"1";"69"
"196";"577";"2";"0";"85"
"197";"576";"2";"1";"85"
"211";"578";"2";"1";"85"
"302";"580";"1";"0";"89"
"304";"579";"1";"1";"89"
"387";"354";"1";"1";"89"
"387";"354";"2";"1";"89"
"316";"581";"1";"1";"89"
"199";"582";"1";"0";"112"
"199";"582";"2";"0";"112"
"199";"582";"3";"0";"112"
"442";"447";"1";"1";"25"
"437";"446";"1";"1";"25"
"437";"446";"2";"1";"25"
"328";"583";"1";"1";"25"
"408";"505";"2";"1";"67"
"258";"587";"2";"1";"3"
"268";"430";"2";"1";"3"
"230";"432";"1";"1";"11"
"232";"433";"1";"1";"11"
"408";"505";"1";"1";"67"
"232";"571";"2";"1";"18"
"373";"456";"3";"0";"30"
"245";"473";"1";"1";"44"
"373";"456";"2";"0";"30"
"245";"451";"2";"1";"28"
"243";"519";"3";"0";"72"
"245";"518";"3";"1";"72"
"256";"469";"1";"0";"41"
"258";"468";"1";"1";"41"
"373";"456";"1";"0";"30"
"258";"489";"3";"1";"59"
"412";"446";"2";"1";"25"
"258";"484";"4";"0";"50"
"412";"446";"1";"1";"25"
"270";"536";"1";"1";"80"
"410";"422";"1";"1";"22"
"410";"422";"2";"1";"22"
"283";"418";"3";"1";"22"
"283";"418";"2";"1";"22"
"283";"418";"1";"1";"22"
"485";"534";"1";"1";"80"
"270";"563";"3";"1";"111"
"270";"495";"2";"1";"60"
"354";"442";"1";"1";"25"
"288";"510";"1";"1";"69"
"288";"437";"2";"1";"19"
"288";"459";"3";"0";"30"
"400";"526";"1";"1";"67"
"400";"423";"2";"1";"22"
"416";"556";"1";"1";"48"
"164";"652";"3";"1";"117"
"164";"652";"4";"1";"117"
"174";"653";"1";"1";"117"
"174";"653";"2";"1";"117"
"174";"653";"3";"1";"117"
"174";"653";"4";"1";"117"
"187";"654";"1";"1";"117"
"187";"654";"2";"1";"117"
"187";"654";"3";"1";"117"
"187";"654";"4";"1";"117"
"199";"655";"1";"1";"117"
"199";"655";"2";"1";"117"
"199";"655";"3";"1";"117"
"249";"656";"1";"1";"118"
"249";"656";"2";"1";"118"
"249";"656";"3";"1";"118"
"262";"657";"1";"1";"118"
"262";"657";"2";"1";"118"
"262";"657";"3";"1";"118"
"262";"657";"4";"1";"118"
"276";"658";"1";"1";"118"
"276";"658";"2";"1";"118"
"268";"659";"4";"1";"118"
"45";"667";"1";"1";"119"
"46";"663";"1";"1";"119"
"47";"668";"1";"1";"119"
"49";"664";"1";"1";"119"
"50";"665";"1";"1";"119"
"51";"662";"1";"1";"119"
"53";"660";"1";"1";"119"
"54";"661";"1";"1";"119"
"55";"666";"1";"1";"119"
"57";"669";"1";"1";"119"
"258";"670";"4";"1";"118"
"300";"648";"3";"1";"29"
"314";"671";"1";"1";"120"
"314";"671";"2";"1";"120"
"314";"671";"3";"1";"120"
"390";"672";"1";"1";"120"
"390";"672";"2";"1";"120"
"347";"673";"1";"1";"120"
"288";"647";"3";"1";"29"
"538";"677";"1";"0";"26"
"539";"678";"1";"0";"26"
"543";"676";"1";"0";"26"
"545";"674";"1";"0";"26"
"546";"675";"1";"0";"26"
"549";"679";"1";"0";"26"
"486";"682";"1";"1";"14"
"486";"682";"2";"1";"14"
"615";"687";"1";"1";"14"
"615";"687";"2";"1";"14"
"563";"685";"1";"1";"14"
"563";"685";"2";"1";"14"
"511";"683";"1";"1";"14"
"511";"683";"2";"1";"14"
"589";"686";"1";"1";"14"
"589";"686";"2";"1";"14"
"537";"684";"1";"1";"14"
"537";"684";"2";"1";"14"
"537";"684";"3";"1";"14"
"499";"688";"1";"1";"1"
"499";"688";"2";"1";"1"
"628";"693";"1";"1";"1"
"628";"693";"2";"1";"1"
"576";"691";"1";"1";"1"
"576";"691";"2";"1";"1"
"524";"689";"1";"1";"1"
"524";"689";"2";"1";"1"
"602";"692";"1";"1";"1"
"602";"692";"2";"1";"1"
"550";"690";"1";"1";"1"
"550";"690";"2";"1";"1"
"655";"694";"3";"1";"130"
"655";"694";"4";"1";"130"
"672";"696";"1";"1";"130"
"672";"696";"2";"1";"130"
"672";"696";"3";"1";"130"
"708";"695";"1";"1";"130"
"734";"697";"1";"1";"131"
"734";"697";"2";"1";"131"
"747";"698";"1";"1";"131"
"747";"698";"2";"1";"131"
"760";"699";"2";"1";"131"
"760";"699";"3";"1";"131"
"760";"700";"1";"1";"43"
"641";"701";"1";"1";"43"
"641";"701";"2";"1";"43"
"641";"701";"3";"1";"43"
"641";"701";"4";"1";"43"
"692";"702";"1";"1";"43"
"714";"704";"1";"1";"12"
"660";"707";"1";"1";"12"
"660";"707";"2";"1";"12"
"660";"707";"3";"1";"12"
"677";"705";"1";"1";"12"
"677";"705";"2";"1";"12"
"677";"705";"3";"1";"12"
"662";"714";"1";"1";"22"
"648";"708";"1";"1";"22"
"648";"708";"2";"1";"22"
"648";"708";"3";"1";"22"
"648";"708";"4";"1";"22"
"681";"718";"1";"1";"22"
"681";"718";"2";"1";"22"
"681";"718";"3";"1";"22"
"666";"712";"1";"1";"22"
"666";"712";"2";"1";"22"
"666";"712";"3";"1";"22"
"720";"716";"1";"1";"22"
"699";"710";"1";"1";"22"
"675";"713";"1";"1";"22"
"675";"713";"2";"1";"22"
"675";"713";"3";"1";"22"
"711";"711";"1";"1";"22"
"658";"709";"1";"1";"22"
"658";"709";"2";"1";"22"
"658";"709";"3";"1";"22"
"658";"709";"4";"1";"22"
"690";"719";"1";"1";"22"
"690";"719";"2";"1";"22"
"690";"719";"3";"1";"22"
"676";"715";"1";"1";"22"
"731";"717";"1";"1";"22"
"735";"720";"1";"1";"132"
"735";"720";"2";"1";"132"
"748";"721";"1";"1";"132"
"748";"721";"2";"1";"132"
"761";"722";"1";"1";"132"
"761";"722";"2";"1";"132"
"761";"722";"3";"1";"132"
"749";"723";"2";"1";"132"
"759";"724";"2";"1";"132"
"679";"727";"2";"0";"133"
"665";"729";"2";"1";"133"
"665";"729";"3";"1";"133"
"719";"731";"1";"1";"133"
"687";"726";"1";"1";"133"
"687";"726";"2";"1";"133"
"687";"726";"3";"1";"133"
"728";"730";"1";"1";"133"
"691";"728";"2";"0";"133"
"745";"732";"1";"1";"41"
"745";"732";"2";"1";"41"
"658";"735";"1";"1";"41"
"758";"733";"1";"1";"41"
"758";"733";"2";"1";"41"
"639";"736";"1";"1";"41"
"639";"736";"2";"1";"41"
"771";"734";"1";"1";"41"
"771";"734";"2";"1";"41"
"771";"734";"3";"1";"41"
"643";"741";"1";"1";"118"
"740";"737";"1";"1";"118"
"740";"737";"2";"1";"118"
"753";"738";"1";"1";"118"
"753";"738";"2";"1";"118"
"766";"739";"1";"1";"118"
"766";"739";"2";"1";"118"
"766";"739";"3";"1";"118"
"652";"740";"1";"1";"118"
"652";"740";"2";"1";"118"
"652";"740";"3";"1";"118"
"659";"742";"1";"1";"118"
"651";"743";"1";"1";"69"
"651";"743";"2";"1";"69"
"651";"743";"3";"1";"69"
"651";"743";"4";"1";"69"
"723";"746";"1";"1";"69"
"702";"744";"1";"1";"69"
"669";"745";"1";"1";"69"
"669";"745";"2";"1";"69"
"669";"745";"3";"1";"69"
"643";"747";"2";"1";"80"
"647";"750";"1";"1";"80"
"647";"750";"2";"1";"80"
"647";"750";"3";"1";"80"
"647";"750";"4";"1";"80"
"665";"753";"1";"1";"80"
"698";"752";"1";"1";"80"
"668";"754";"1";"1";"80"
"668";"754";"2";"1";"80"
"668";"754";"3";"1";"80"
"722";"755";"1";"1";"80"
"701";"751";"1";"1";"80"
"650";"749";"1";"1";"80"
"650";"749";"2";"1";"80"
"650";"749";"3";"1";"80"
"650";"749";"4";"1";"80"
"659";"748";"2";"1";"80"
"642";"756";"1";"1";"134"
"642";"756";"2";"1";"134"
"642";"756";"3";"1";"134"
"642";"756";"4";"1";"134"
"678";"761";"1";"1";"134"
"678";"761";"2";"1";"134"
"678";"761";"3";"1";"134"
"661";"759";"1";"1";"134"
"661";"759";"2";"1";"134"
"661";"759";"3";"1";"134"
"715";"760";"1";"1";"134"
"657";"758";"1";"1";"134"
"657";"758";"2";"1";"134"
"657";"758";"3";"1";"134"
"657";"758";"4";"1";"134"
"736";"763";"1";"1";"61"
"754";"765";"1";"1";"61"
"754";"765";"2";"1";"61"
"767";"766";"1";"1";"61"
"767";"766";"2";"1";"61"
"767";"766";"3";"1";"61"
"741";"764";"1";"1";"61"
"741";"764";"2";"1";"61"
"746";"762";"1";"1";"61"
"736";"771";"2";"1";"72"
"637";"767";"2";"1";"72"
"743";"768";"1";"1";"72"
"743";"768";"2";"1";"72"
"756";"769";"1";"1";"72"
"746";"770";"2";"1";"72"
"749";"775";"1";"1";"74"
"636";"772";"2";"1";"74"
"742";"773";"1";"1";"74"
"742";"773";"2";"1";"74"
"755";"774";"1";"1";"74"
"755";"774";"2";"1";"74"
"759";"776";"1";"1";"74"
"762";"779";"3";"1";"93"
"751";"777";"2";"1";"93"
"764";"778";"1";"1";"93"
"764";"778";"2";"1";"93"
"764";"778";"3";"1";"93"
"663";"783";"1";"1";"93"
"663";"783";"2";"1";"93"
"663";"783";"3";"1";"93"
"717";"784";"1";"1";"93"
"680";"785";"1";"1";"93"
"680";"785";"2";"1";"93"
"680";"785";"3";"1";"93"
"645";"781";"1";"1";"93"
"645";"781";"2";"1";"93"
"645";"781";"3";"1";"93"
"645";"781";"4";"1";"93"
"696";"782";"1";"1";"93"
"772";"780";"3";"1";"93"
"679";"727";"3";"1";"133"
"691";"728";"3";"1";"133"
"756";"786";"2";"1";"67"
"769";"787";"1";"1";"67"
"769";"787";"2";"1";"67"
"769";"787";"3";"1";"67"
"656";"788";"1";"1";"67"
"656";"788";"2";"1";"67"
"662";"792";"3";"1";"116"
"649";"789";"1";"1";"116"
"649";"789";"2";"1";"116"
"649";"789";"3";"1";"116"
"649";"789";"4";"1";"116"
"721";"794";"1";"1";"116"
"700";"790";"1";"1";"116"
"682";"795";"1";"1";"116"
"682";"795";"2";"1";"116"
"682";"795";"3";"1";"116"
"667";"791";"1";"1";"116"
"667";"791";"2";"1";"116"
"667";"791";"3";"1";"116"
"686";"796";"1";"1";"116"
"686";"796";"2";"1";"116"
"686";"796";"3";"1";"116"
"676";"793";"3";"1";"116"
"744";"797";"1";"1";"28"
"744";"797";"2";"1";"28"
"757";"798";"1";"1";"28"
"757";"798";"2";"1";"28"
"762";"800";"2";"1";"46"
"655";"802";"1";"1";"46"
"655";"802";"2";"1";"46"
"768";"799";"1";"1";"46"
"768";"799";"2";"1";"46"
"768";"799";"3";"1";"46"
"772";"801";"2";"1";"46"
"694";"805";"1";"1";"25"
"652";"803";"4";"1";"25"
"726";"808";"1";"1";"25"
"684";"809";"1";"1";"25"
"684";"809";"2";"1";"25"
"684";"809";"3";"1";"25"
"670";"807";"1";"1";"25"
"670";"807";"2";"1";"25"
"670";"807";"3";"1";"25"
"705";"804";"1";"1";"25"
"713";"806";"1";"1";"25"
"679";"814";"2";"1";"19"
"710";"810";"1";"1";"19"
"689";"813";"1";"1";"19"
"689";"813";"2";"1";"19"
"689";"813";"3";"1";"19"
"674";"811";"1";"1";"19"
"674";"811";"2";"1";"19"
"674";"811";"3";"1";"19"
"730";"812";"1";"1";"19"
"691";"815";"2";"1";"19"
"596";"816";"2";"1";"115"
"622";"817";"1";"1";"115"
"622";"817";"2";"1";"115"
"538";"821";"2";"1";"68"
"539";"825";"2";"1";"68"
"541";"822";"2";"1";"68"
"542";"823";"2";"1";"68"
"543";"820";"2";"1";"68"
"545";"818";"2";"1";"68"
"546";"819";"2";"1";"68"
"547";"824";"2";"1";"68"
"549";"826";"2";"1";"68"
"617";"828";"1";"1";"15"
"623";"827";"1";"1";"15"
"623";"827";"2";"1";"15"
"627";"829";"1";"1";"15"
"616";"835";"1";"1";"6"
"616";"835";"2";"1";"6"
"564";"831";"1";"1";"6"
"564";"831";"2";"1";"6"
"590";"832";"1";"1";"6"
"590";"832";"2";"1";"6"
"591";"833";"1";"1";"6"
"569";"830";"1";"1";"6"
"569";"830";"2";"1";"6"
"601";"834";"1";"1";"6"
"512";"839";"1";"1";"66"
"513";"843";"1";"1";"66"
"515";"840";"1";"1";"66"
"516";"841";"1";"1";"66"
"517";"838";"1";"1";"66"
"519";"836";"1";"1";"66"
"520";"837";"1";"1";"66"
"521";"842";"1";"1";"66"
"523";"844";"1";"1";"66"
"512";"848";"2";"1";"125"
"513";"852";"2";"1";"125"
"515";"849";"2";"1";"125"
"516";"850";"2";"1";"125"
"517";"847";"2";"1";"125"
"519";"845";"2";"1";"125"
"520";"846";"2";"1";"125"
"521";"851";"2";"1";"125"
"523";"853";"2";"1";"125"
"487";"857";"1";"1";"16"
"488";"861";"1";"1";"16"
"490";"858";"1";"1";"16"
"491";"859";"1";"1";"16"
"492";"856";"1";"1";"16"
"494";"854";"1";"1";"16"
"495";"855";"1";"1";"16"
"496";"860";"1";"1";"16"
"498";"862";"1";"1";"16"
"518";"863";"1";"1";"5"
"518";"863";"2";"1";"5"
"596";"866";"1";"1";"5"
"544";"864";"1";"1";"5"
"544";"864";"2";"1";"5"
"544";"864";"3";"1";"5"
"570";"865";"1";"1";"5"
"570";"865";"2";"1";"5"
"565";"868";"2";"1";"43"
"595";"871";"1";"1";"43"
"595";"871";"2";"1";"43"
"571";"867";"1";"1";"43"
"571";"867";"2";"1";"43"
"597";"870";"1";"1";"43"
"597";"870";"2";"1";"43"
"575";"869";"2";"1";"43"
"621";"872";"1";"1";"17"
"621";"872";"2";"1";"17"
"541";"873";"1";"0";"26"
"542";"874";"1";"0";"26"
"547";"875";"1";"0";"26"
"538";"879";"3";"1";"126"
"539";"883";"3";"1";"126"
"541";"880";"3";"1";"126"
"542";"881";"3";"1";"126"
"543";"878";"3";"1";"126"
"545";"876";"3";"1";"126"
"546";"877";"3";"1";"126"
"547";"882";"3";"1";"126"
"549";"884";"3";"1";"126"
"565";"886";"1";"1";"63"
"572";"885";"1";"1";"63"
"572";"885";"2";"1";"63"
"598";"888";"1";"1";"63"
"598";"888";"2";"1";"63"
"624";"889";"1";"1";"63"
"575";"887";"1";"1";"63"
"502";"905";"1";"1";"55"
"502";"905";"2";"1";"55"
"631";"910";"1";"1";"55"
"631";"910";"2";"1";"55"
"579";"908";"1";"1";"55"
"579";"908";"2";"1";"55"
"527";"906";"1";"1";"55"
"527";"906";"2";"1";"55"
"605";"909";"1";"1";"55"
"605";"909";"2";"1";"55"
"553";"907";"1";"1";"55"
"553";"907";"2";"1";"55"
"604";"913";"1";"1";"32"
"584";"911";"1";"1";"32"
"584";"911";"2";"1";"32"
"610";"912";"1";"1";"32"
"610";"912";"2";"1";"32"
"636";"915";"1";"1";"32"
"614";"914";"1";"1";"32"
"551";"919";"1";"1";"57"
"552";"921";"1";"1";"57"
"556";"918";"1";"1";"57"
"558";"916";"1";"1";"57"
"559";"917";"1";"1";"57"
"560";"920";"1";"1";"57"
"562";"922";"1";"1";"57"
"604";"925";"2";"1";"100"
"585";"923";"1";"1";"100"
"585";"923";"2";"1";"100"
"611";"924";"1";"1";"100"
"611";"924";"2";"1";"100"
"637";"927";"1";"1";"100"
"614";"926";"2";"1";"100"
"619";"930";"1";"1";"83"
"619";"930";"2";"1";"83"
"573";"928";"1";"1";"83"
"573";"928";"2";"1";"83"
"625";"931";"1";"1";"83"
"625";"931";"2";"1";"83"
"599";"929";"1";"1";"83"
"599";"929";"2";"1";"83"
"626";"936";"1";"1";"8"
"626";"936";"2";"1";"8"
"600";"935";"1";"1";"8"
"600";"935";"2";"1";"8"
"497";"937";"1";"1";"54"
"497";"937";"2";"1";"54"
"574";"940";"1";"1";"54"
"574";"940";"2";"1";"54"
"522";"938";"1";"1";"54"
"522";"938";"2";"1";"54"
"548";"939";"1";"1";"54"
"548";"939";"2";"1";"54"
"548";"939";"3";"1";"54"
"591";"947";"2";"1";"27"
"489";"942";"1";"1";"27"
"489";"942";"2";"1";"27"
"618";"949";"1";"1";"27"
"618";"949";"2";"1";"27"
"566";"945";"1";"1";"27"
"566";"945";"2";"1";"27"
"514";"943";"1";"1";"27"
"514";"943";"2";"1";"27"
"592";"946";"1";"1";"27"
"592";"946";"2";"1";"27"
"540";"944";"1";"1";"27"
"540";"944";"2";"1";"27"
"540";"944";"3";"1";"27"
"601";"948";"2";"1";"27"
"500";"954";"2";"1";"42"
"501";"957";"2";"1";"42"
"503";"955";"2";"1";"42"
"505";"953";"2";"1";"42"
"507";"951";"2";"1";"42"
"508";"952";"2";"1";"42"
"509";"956";"2";"1";"42"
"510";"958";"2";"1";"42"
"738";"941";"1";"1";"18"
"738";"941";"2";"1";"18"
"751";"962";"1";"1";"18"
"656";"973";"3";"1";"11"
"656";"973";"4";"1";"11"
"729";"980";"1";"1";"11"
"673";"978";"1";"1";"11"
"673";"978";"2";"1";"11"
"673";"978";"3";"1";"11"
"709";"976";"1";"1";"11"
"551";"997";"2";"1";"10"
"552";"999";"2";"1";"10"
"606";"1001";"1";"1";"10"
"606";"1001";"2";"1";"10"
"632";"1002";"1";"1";"10"
"632";"1002";"2";"1";"10"
"556";"996";"2";"1";"10"
"558";"994";"2";"1";"10"
"559";"995";"2";"1";"10"
"560";"998";"2";"1";"10"
"562";"1000";"2";"1";"10"
"578";"1005";"2";"1";"31"
"582";"1003";"1";"1";"31"
"582";"1003";"2";"1";"31"
"634";"1009";"1";"1";"31"
"634";"1009";"2";"1";"31"
"608";"1007";"1";"1";"31"
"608";"1007";"2";"1";"31"
"638";"1010";"1";"1";"31"
"638";"1010";"2";"1";"31"
"612";"1008";"1";"1";"31"
"612";"1008";"2";"1";"31"
"586";"1004";"1";"1";"31"
"586";"1004";"2";"1";"31"
"588";"1006";"2";"1";"31"
"630";"1020";"2";"1";"36"
"557";"1016";"1";"1";"36"
"557";"1016";"2";"1";"36"
"635";"1019";"1";"1";"36"
"635";"1019";"2";"1";"36"
"583";"1017";"1";"1";"36"
"583";"1017";"2";"1";"36"
"609";"1018";"1";"1";"36"
"609";"1018";"2";"1";"36"
"640";"1021";"2";"1";"36"
"525";"1028";"2";"1";"119"
"526";"1030";"2";"1";"119"
"554";"1032";"1";"1";"119"
"554";"1032";"2";"1";"119"
"580";"1033";"1";"1";"119"
"580";"1033";"2";"1";"119"
"530";"1027";"2";"1";"119"
"532";"1025";"2";"1";"119"
"533";"1026";"2";"1";"119"
"534";"1029";"2";"1";"119"
"536";"1031";"2";"1";"119"
"506";"1034";"1";"1";"87"
"506";"1034";"2";"1";"87"
"531";"1035";"1";"1";"87"
"531";"1035";"2";"1";"87"
"525";"1039";"1";"1";"97"
"526";"1042";"1";"1";"97"
"528";"1040";"1";"1";"97"
"528";"1040";"2";"1";"97"
"530";"1038";"1";"1";"97"
"532";"1036";"1";"1";"97"
"533";"1037";"1";"1";"97"
"534";"1041";"1";"1";"97"
"536";"1043";"1";"1";"97"
"639";"1049";"1";"1";"81"
"639";"1049";"2";"1";"81"
"587";"1047";"1";"1";"81"
"587";"1047";"2";"1";"81"
"535";"1045";"1";"1";"81"
"535";"1045";"2";"1";"81"
"613";"1048";"1";"1";"81"
"613";"1048";"2";"1";"81"
"561";"1046";"1";"1";"81"
"561";"1046";"2";"1";"81"
"490";"1050";"1";"1";"107"
"490";"1050";"2";"1";"107"
"503";"1050";"1";"1";"107"
"503";"1050";"2";"1";"107"
"619";"1055";"1";"1";"107"
"619";"1055";"2";"1";"107"
"632";"1055";"1";"1";"107"
"632";"1055";"2";"1";"107"
"567";"1053";"1";"1";"107"
"567";"1053";"2";"1";"107"
"580";"1053";"1";"1";"107"
"580";"1053";"2";"1";"107"
"515";"1051";"1";"1";"107"
"515";"1051";"2";"1";"107"
"528";"1051";"1";"1";"107"
"528";"1051";"2";"1";"107"
"593";"1054";"1";"1";"107"
"593";"1054";"2";"1";"107"
"606";"1054";"1";"1";"107"
"606";"1054";"2";"1";"107"
"541";"1052";"1";"1";"107"
"541";"1052";"2";"1";"107"
"541";"1052";"3";"1";"107"
"554";"1052";"1";"1";"107"
"554";"1052";"2";"1";"107"
"797";"890";"1";"1";"8"
"797";"890";"2";"1";"8"
"784";"904";"1";"1";"8"
"784";"904";"2";"1";"8"
"784";"904";"3";"1";"8"
"784";"904";"4";"1";"8"
"797";"890";"3";"0";"8"
"797";"890";"4";"0";"8"
"487";"1061";"2";"1";"122"
"488";"1065";"2";"1";"122"
"490";"1062";"2";"1";"122"
"491";"1063";"2";"1";"122"
"492";"1060";"2";"1";"122"
"494";"1058";"2";"1";"122"
"495";"1059";"2";"1";"122"
"496";"1064";"2";"1";"122"
"498";"1066";"2";"1";"122"
"889";"1044";"1";"1";"81"
"889";"1044";"2";"1";"81"
"630";"1073";"1";"1";"18"
"633";"1072";"1";"1";"18"
"633";"1072";"2";"1";"18"
"581";"1070";"1";"1";"18"
"581";"1070";"2";"1";"18"
"529";"1068";"1";"1";"18"
"529";"1068";"2";"1";"18"
"607";"1071";"1";"1";"18"
"607";"1071";"2";"1";"18"
"555";"1069";"1";"1";"18"
"555";"1069";"2";"1";"18"
"504";"1067";"1";"1";"18"
"504";"1067";"2";"1";"18"
"640";"1074";"1";"1";"18"
"500";"1078";"1";"1";"37"
"501";"1081";"1";"1";"37"
"503";"1079";"1";"1";"37"
"505";"1077";"1";"1";"37"
"507";"1075";"1";"1";"37"
"508";"1076";"1";"1";"37"
"509";"1080";"1";"1";"37"
"510";"1082";"1";"1";"37"
"603";"1086";"1";"1";"28"
"603";"1086";"2";"1";"28"
"629";"1087";"1";"1";"28"
"629";"1087";"2";"1";"28"
"577";"1083";"1";"1";"28"
"577";"1083";"2";"1";"28"
"578";"1084";"1";"1";"28"
"588";"1085";"1";"1";"28"
"739";"1088";"1";"1";"44"
"739";"1088";"2";"1";"44"
"646";"1091";"1";"1";"44"
"646";"1091";"2";"1";"44"
"646";"1091";"3";"1";"44"
"646";"1091";"4";"1";"44"
"752";"1089";"1";"1";"44"
"752";"1089";"2";"1";"44"
"664";"1092";"1";"1";"44"
"664";"1092";"2";"1";"44"
"664";"1092";"3";"1";"44"
"765";"1090";"1";"1";"44"
"765";"1090";"2";"1";"44"
"765";"1090";"3";"1";"44"
"643";"1097";"4";"1";"3"
"737";"680";"1";"1";"3"
"737";"680";"2";"1";"3"
"750";"681";"1";"1";"3"
"750";"681";"2";"1";"3"
"763";"1093";"1";"1";"3"
"763";"1093";"2";"1";"3"
"763";"1093";"3";"1";"3"
"725";"1096";"1";"1";"3"
"653";"1094";"1";"1";"3"
"653";"1094";"2";"1";"3"
"653";"1094";"3";"1";"3"
"653";"1094";"4";"1";"3"
"732";"1095";"1";"1";"3"
"659";"1098";"4";"1";"3"
"762";"1099";"1";"1";"44"
"772";"1100";"1";"1";"44"
"814";"1104";"3";"0";"59"
"825";"1101";"1";"0";"59"
"825";"1101";"2";"0";"59"
"825";"1101";"3";"0";"59"
"825";"1101";"4";"0";"59"
"845";"1103";"1";"0";"59"
"831";"1105";"3";"0";"59"
"679";"1108";"1";"1";"60"
"683";"1107";"1";"1";"60"
"683";"1107";"2";"1";"60"
"683";"1107";"3";"1";"60"
"688";"1106";"1";"1";"60"
"688";"1106";"2";"1";"60"
"688";"1106";"3";"1";"60"
"691";"1109";"1";"1";"60"
"779";"893";"1";"1";"17"
"779";"893";"2";"1";"17"
"779";"893";"3";"1";"17"
"779";"893";"4";"1";"17"
"792";"891";"1";"1";"17"
"792";"891";"2";"1";"17"
"792";"891";"3";"1";"17"
"792";"891";"4";"1";"17"
"785";"892";"3";"1";"17"
"775";"1112";"3";"1";"17"
"823";"894";"1";"1";"20"
"823";"894";"2";"1";"20"
"823";"894";"3";"1";"20"
"823";"894";"4";"1";"20"
"878";"897";"1";"1";"20"
"844";"895";"1";"1";"20"
"844";"895";"2";"1";"20"
"844";"895";"3";"1";"20"
"844";"895";"4";"1";"20"
"861";"896";"1";"1";"20"
"861";"896";"2";"1";"20"
"819";"708";"1";"1";"22"
"797";"898";"3";"1";"22"
"797";"898";"4";"1";"22"
"830";"709";"1";"1";"22"
"830";"709";"2";"1";"22"
"810";"899";"1";"1";"22"
"810";"899";"2";"1";"22"
"810";"899";"3";"1";"22"
"810";"899";"4";"1";"22"
"846";"900";"2";"1";"24"
"846";"900";"3";"1";"24"
"846";"900";"4";"1";"24"
"881";"903";"1";"1";"24"
"862";"901";"1";"1";"24"
"862";"901";"2";"1";"24"
"853";"1113";"2";"1";"24"
"866";"902";"2";"1";"24"
"869";"1114";"1";"1";"129"
"847";"950";"1";"1";"129"
"847";"950";"2";"1";"129"
"847";"950";"3";"1";"129"
"847";"950";"4";"1";"129"
"863";"959";"1";"1";"129"
"863";"959";"2";"1";"129"
"882";"960";"1";"1";"129"
"888";"961";"1";"1";"129"
"828";"965";"1";"1";"1"
"828";"965";"2";"1";"1"
"808";"963";"2";"1";"1"
"808";"963";"3";"1";"1"
"808";"963";"4";"1";"1"
"811";"964";"3";"1";"1"
"801";"1115";"3";"1";"1"
"852";"971";"1";"1";"35"
"852";"971";"2";"1";"35"
"813";"969";"1";"1";"35"
"813";"969";"2";"1";"35"
"813";"969";"3";"1";"35"
"813";"969";"4";"1";"35"
"834";"970";"2";"1";"35"
"834";"970";"3";"1";"35"
"834";"970";"4";"1";"35"
"800";"966";"4";"1";"35"
"829";"967";"1";"1";"35"
"883";"972";"1";"1";"35"
"831";"968";"2";"1";"35"
"814";"1117";"2";"1";"35"
"801";"1118";"2";"1";"116"
"838";"979";"1";"1";"116"
"838";"979";"2";"1";"116"
"838";"979";"3";"1";"116"
"838";"979";"4";"1";"116"
"818";"977";"1";"1";"116"
"818";"977";"2";"1";"116"
"818";"977";"3";"1";"116"
"818";"977";"4";"1";"116"
"805";"974";"1";"1";"116"
"805";"974";"2";"1";"116"
"805";"974";"3";"1";"116"
"805";"974";"4";"1";"116"
"811";"975";"2";"1";"116"
"788";"1119";"3";"1";"40"
"781";"981";"4";"1";"40"
"794";"982";"1";"1";"40"
"794";"982";"2";"1";"40"
"794";"982";"3";"1";"40"
"798";"983";"3";"1";"40"
"778";"984";"1";"1";"117"
"778";"984";"2";"1";"117"
"778";"984";"3";"1";"117"
"778";"984";"4";"1";"117"
"791";"985";"1";"1";"117"
"791";"985";"2";"1";"117"
"791";"985";"3";"1";"117"
"791";"985";"4";"1";"117"
"804";"986";"1";"1";"117"
"804";"986";"2";"1";"117"
"835";"1120";"3";"1";"52"
"829";"987";"2";"1";"52"
"829";"987";"3";"1";"52"
"829";"987";"4";"1";"52"
"864";"990";"1";"1";"52"
"864";"990";"2";"1";"52"
"848";"988";"1";"1";"52"
"848";"988";"2";"1";"52"
"848";"988";"3";"1";"52"
"848";"988";"4";"1";"52"
"850";"989";"3";"1";"52"
"835";"1121";"1";"1";"69"
"822";"743";"1";"1";"69"
"822";"743";"2";"1";"69"
"876";"992";"1";"1";"69"
"858";"991";"1";"1";"69"
"858";"991";"2";"1";"69"
"842";"745";"1";"1";"69"
"842";"745";"2";"1";"69"
"842";"745";"3";"1";"69"
"842";"745";"4";"1";"69"
"850";"993";"1";"1";"69"
"780";"1012";"1";"1";"115"
"780";"1012";"2";"1";"115"
"780";"1012";"3";"1";"115"
"780";"1012";"4";"1";"115"
"785";"1011";"4";"1";"115"
"775";"1122";"4";"1";"115"
"788";"1123";"2";"1";"77"
"793";"1013";"1";"1";"77"
"793";"1013";"2";"1";"77"
"793";"1013";"3";"1";"77"
"793";"1013";"4";"1";"77"
"806";"1014";"1";"1";"77"
"806";"1014";"2";"1";"77"
"806";"1014";"3";"1";"77"
"798";"1015";"2";"1";"77"
"822";"1022";"3";"1";"121"
"822";"1022";"4";"1";"121"
"828";"1023";"3";"1";"121"
"828";"1023";"4";"1";"121"
"847";"1024";"1";"1";"121"
"788";"1125";"1";"1";"86"
"795";"1124";"1";"1";"86"
"795";"1124";"2";"1";"86"
"795";"1124";"3";"1";"86"
"795";"1124";"4";"1";"86"
"808";"1127";"1";"1";"86"
"798";"1126";"1";"1";"86"
"806";"1128";"4";"1";"89"
"845";"1129";"1";"1";"89"
"825";"1130";"1";"1";"89"
"825";"1130";"2";"1";"89"
"825";"1130";"3";"1";"89"
"825";"1130";"4";"1";"89"
"801";"1133";"1";"1";"94"
"807";"1132";"1";"1";"94"
"807";"1132";"2";"1";"94"
"807";"1132";"3";"1";"94"
"807";"1132";"4";"1";"94"
"794";"1131";"4";"1";"94"
"811";"1134";"1";"1";"94"
"853";"1137";"1";"1";"102"
"845";"1135";"2";"1";"102"
"845";"1135";"3";"1";"102"
"845";"1135";"4";"1";"102"
"860";"1136";"1";"1";"102"
"860";"1136";"2";"1";"102"
"866";"1138";"1";"1";"102"
"880";"1139";"1";"1";"102"
"835";"1144";"4";"1";"105"
"820";"1140";"1";"1";"105"
"820";"1140";"2";"1";"105"
"820";"1140";"3";"1";"105"
"820";"1140";"4";"1";"105"
"857";"1143";"1";"1";"105"
"857";"1143";"2";"1";"105"
"875";"1146";"1";"1";"105"
"840";"1142";"1";"1";"105"
"840";"1142";"2";"1";"105"
"840";"1142";"3";"1";"105"
"840";"1142";"4";"1";"105"
"809";"1141";"2";"1";"105"
"809";"1141";"3";"1";"105"
"809";"1141";"4";"1";"105"
"850";"1145";"4";"1";"105"
"788";"1149";"4";"1";"4"
"776";"1147";"1";"1";"4"
"776";"1147";"2";"1";"4"
"776";"1147";"3";"1";"4"
"776";"1147";"4";"1";"4"
"789";"1148";"1";"1";"4"
"789";"1148";"2";"1";"4"
"789";"1148";"3";"1";"4"
"789";"1148";"4";"1";"4"
"802";"1151";"1";"1";"4"
"802";"1151";"2";"1";"4"
"802";"1151";"3";"1";"4"
"802";"1151";"4";"1";"4"
"824";"1152";"1";"1";"4"
"824";"1152";"2";"1";"4"
"798";"1150";"4";"1";"4"
"821";"1153";"1";"1";"103"
"821";"1153";"2";"1";"103"
"821";"1153";"3";"1";"103"
"821";"1153";"4";"1";"103"
"841";"1154";"1";"1";"103"
"841";"1154";"2";"1";"103"
"841";"1154";"3";"1";"103"
"841";"1154";"4";"1";"103"
"859";"1156";"1";"1";"103"
"859";"1156";"2";"1";"103"
"844";"1155";"4";"1";"103"
"782";"1157";"1";"1";"108"
"782";"1157";"2";"1";"108"
"782";"1157";"3";"1";"108"
"782";"1157";"4";"1";"108"
"781";"1158";"1";"1";"15"
"781";"1158";"2";"1";"15"
"781";"1158";"3";"1";"15"
"814";"1160";"3";"1";"85"
"827";"1159";"1";"1";"85"
"827";"1159";"2";"1";"85"
"827";"1159";"3";"1";"85"
"827";"1159";"4";"1";"85"
"846";"1162";"1";"1";"85"
"831";"1161";"3";"1";"85"
"799";"1164";"1";"1";"12"
"799";"1164";"2";"1";"12"
"799";"1164";"3";"1";"12"
"799";"1164";"4";"1";"12"
"786";"1163";"3";"1";"12"
"786";"1163";"4";"1";"12"
"833";"1165";"1";"1";"92"
"833";"1165";"2";"1";"92"
"833";"1165";"3";"1";"92"
"833";"1165";"4";"1";"92"
"851";"1166";"1";"1";"92"
"851";"1166";"2";"1";"92"
"773";"1167";"1";"1";"33"
"773";"1167";"2";"1";"33"
"773";"1167";"3";"1";"33"
"773";"1167";"4";"1";"33"
"786";"1168";"1";"1";"33"
"786";"1168";"2";"1";"33"
"812";"1169";"1";"1";"98"
"812";"1169";"2";"1";"98"
"812";"1169";"3";"1";"98"
"812";"1169";"4";"1";"98"
"867";"1170";"1";"1";"98"
"886";"1173";"1";"1";"41"
"849";"1171";"1";"1";"41"
"849";"1171";"2";"1";"41"
"849";"1171";"3";"1";"41"
"849";"1171";"4";"1";"41"
"830";"735";"3";"1";"41"
"830";"735";"4";"1";"41"
"865";"1172";"1";"1";"41"
"865";"1172";"2";"1";"41"
"856";"1176";"1";"1";"41"
"856";"1176";"2";"1";"41"
"819";"1174";"2";"1";"41"
"819";"1174";"3";"1";"41"
"819";"1174";"4";"1";"41"
"839";"1175";"1";"1";"41"
"839";"1175";"2";"1";"41"
"839";"1175";"3";"1";"41"
"839";"1175";"4";"1";"41"
"617";"1178";"2";"1";"108"
"624";"1177";"2";"1";"108"
"627";"1179";"2";"1";"108"
"593";"1183";"1";"1";"38"
"593";"1183";"2";"1";"38"
"568";"1180";"1";"1";"38"
"568";"1180";"2";"1";"38"
"594";"1181";"1";"1";"38"
"594";"1181";"2";"1";"38"
"620";"1182";"1";"1";"38"
"620";"1182";"2";"1";"38"
"567";"1184";"1";"1";"54"
"567";"1184";"2";"1";"54"
"493";"1185";"1";"1";"123"
"493";"1185";"2";"1";"123"
"162";"1190";"1";"1";"135"
"162";"1190";"2";"1";"135"
"162";"1190";"3";"1";"135"
"162";"1190";"4";"1";"135"
"171";"1191";"1";"1";"135"
"171";"1191";"2";"1";"135"
"171";"1191";"3";"1";"135"
"2";"1193";"1";"1";"135"
"5";"1192";"1";"1";"135"
"787";"1198";"1";"1";"135"
"787";"1198";"2";"1";"135"
"787";"1198";"3";"1";"135"
"787";"1198";"4";"1";"135"
"774";"1197";"1";"1";"135"
"774";"1197";"2";"1";"135"
"774";"1197";"3";"1";"135"
"774";"1197";"4";"1";"135"
"775";"1196";"1";"1";"135"
"785";"1194";"1";"1";"135"
"871";"1201";"1";"1";"29"
"879";"1202";"1";"1";"29"
"884";"1200";"1";"1";"29"
"885";"1203";"1";"1";"29"
"887";"1199";"1";"1";"29"
"824";"1204";"3";"1";"29"
"801";"1206";"4";"1";"64"
"803";"1205";"1";"1";"64"
"803";"1205";"2";"1";"64"
"803";"1205";"3";"1";"64"
"803";"1205";"4";"1";"64"
"811";"1207";"4";"1";"64"
"836";"1209";"1";"1";"64"
"836";"1209";"2";"1";"64"
"836";"1209";"3";"1";"64"
"836";"1209";"4";"1";"64"
"854";"1210";"1";"1";"64"
"854";"1210";"2";"1";"64"
"816";"1208";"1";"1";"64"
"816";"1208";"2";"1";"64"
"816";"1208";"3";"1";"64"
"816";"1208";"4";"1";"64"
"873";"1211";"1";"1";"64"
"800";"1212";"1";"1";"136"
"800";"1212";"2";"1";"136"
"800";"1212";"3";"1";"136"
"787";"1213";"4";"1";"136"
"835";"1217";"2";"1";"84"
"804";"1214";"3";"1";"84"
"804";"1214";"4";"1";"84"
"817";"1215";"1";"1";"84"
"817";"1215";"2";"1";"84"
"817";"1215";"3";"1";"84"
"817";"1215";"4";"1";"84"
"837";"1216";"1";"1";"84"
"837";"1216";"2";"1";"84"
"837";"1216";"3";"1";"84"
"837";"1216";"4";"1";"84"
"850";"1218";"2";"1";"84"
"796";"933";"1";"1";"83"
"796";"933";"2";"1";"83"
"796";"933";"3";"1";"83"
"796";"933";"4";"1";"83"
"809";"934";"1";"1";"83"
"783";"932";"1";"1";"83"
"783";"932";"2";"1";"83"
"783";"932";"3";"1";"83"
"783";"932";"4";"1";"83"
"890";"1188";"1";"1";"29"
"724";"1110";"1";"1";"29"
"891";"1187";"1";"1";"29"
"892";"1186";"1";"1";"29"
"893";"1189";"1";"1";"29"
"716";"1219";"1";"1";"29"
"770";"1111";"1";"1";"29"
"770";"1111";"2";"1";"29"
"770";"1111";"3";"1";"29"
"733";"1220";"1";"1";"29"
"834";"970";"1";"1";"35"
"662";"1222";"2";"0";"75"
"671";"1221";"1";"0";"75"
"671";"1221";"2";"1";"75"
"671";"1221";"3";"1";"75"
"727";"1224";"1";"1";"75"
"685";"1225";"1";"1";"75"
"685";"1225";"2";"1";"75"
"685";"1225";"3";"1";"75"
"676";"1223";"2";"0";"75"
"790";"1227";"1";"1";"38"
"790";"1227";"2";"1";"38"
"790";"1227";"3";"1";"38"
"790";"1227";"4";"1";"38"
"777";"1226";"1";"1";"38"
"777";"1226";"2";"1";"38"
"777";"1226";"3";"1";"38"
"777";"1226";"4";"1";"38"
"868";"1228";"1";"1";"35"
"648";"1174";"1";"1";"41"
"870";"1229";"1";"1";"29"
"568";"1230";"1";"1";"137"
"568";"1230";"2";"1";"137"
"594";"1231";"1";"1";"137"
"594";"1231";"2";"1";"137"
"620";"1232";"1";"1";"137"
"620";"1232";"2";"1";"137"
"777";"1233";"1";"1";"137"
"777";"1233";"2";"1";"137"
"777";"1233";"3";"1";"137"
"777";"1233";"4";"1";"137"
"790";"1234";"1";"1";"137"
"790";"1234";"2";"1";"137"
"790";"1234";"3";"1";"137"
"790";"1234";"4";"1";"137"
"693";"1235";"1";"1";"134"
"643";"1104";"3";"1";"59"
"654";"1101";"1";"1";"59"
"654";"1101";"2";"1";"59"
"654";"1101";"3";"1";"59"
"654";"1101";"4";"1";"59"
"707";"1102";"1";"1";"59"
"671";"1103";"1";"1";"59"
"659";"1105";"3";"1";"59"
"775";"1237";"2";"1";"8"
"785";"1236";"2";"1";"8"
"814";"1238";"1";"0";"89"
"831";"1239";"1";"0";"89"
"814";"1240";"4";"1";"121"
"831";"1241";"4";"1";"121"
"872";"1242";"1";"1";"22"
"826";"1243";"1";"0";"69"
"826";"1243";"2";"0";"69"
"826";"1243";"3";"0";"69"
"826";"1243";"4";"0";"69"
"593";"1245";"1";"1";"137"
"593";"1245";"2";"1";"137"
"824";"1204";"4";"1";"29"
"624";"767";"2";"1";"72"
"782";"768";"1";"1";"72"
"782";"768";"2";"1";"72"
"782";"768";"3";"1";"72"
"782";"768";"4";"1";"72"
"617";"1246";"2";"1";"72"
"627";"1247";"2";"1";"72"
"806";"766";"4";"1";"61"
"825";"1248";"1";"1";"61"
"825";"1248";"2";"1";"61"
"825";"1248";"3";"1";"61"
"825";"1248";"4";"1";"61"
"845";"1249";"1";"1";"61"
"685";"1250";"1";"1";"123"
"685";"1250";"2";"1";"123"
"685";"1250";"3";"1";"123"
"671";"1251";"2";"1";"123"
"671";"1251";"3";"1";"123"
"727";"1252";"1";"1";"123"
"662";"1253";"2";"1";"123"
"676";"1254";"2";"1";"123"
"814";"1255";"1";"1";"61"
"831";"1256";"1";"1";"61"
"487";"1078";"1";"1";"37"
"488";"1081";"1";"1";"37"
"490";"1079";"1";"1";"37"
"492";"1077";"1";"1";"37"
"494";"1075";"1";"1";"37"
"495";"1076";"1";"1";"37"
"496";"1080";"1";"1";"37"
"498";"1082";"1";"1";"37"
"823";"1257";"1";"1";"141"
"823";"1257";"2";"1";"141"
"823";"1257";"3";"1";"141"
"823";"1257";"4";"1";"141"
"844";"1258";"1";"1";"141"
"844";"1258";"2";"1";"141"
"844";"1258";"3";"1";"141"
"878";"1259";"1";"1";"141"
"861";"1261";"1";"1";"141"
"861";"1261";"2";"1";"141"
"491";"1262";"1";"1";"37"
"538";"1266";"1";"1";"142"
"539";"1270";"1";"1";"142"
"541";"1267";"1";"1";"142"
"542";"1268";"1";"1";"142"
"543";"1265";"1";"1";"142"
"545";"1263";"1";"1";"142"
"546";"1264";"1";"1";"142"
"547";"1269";"1";"1";"142"
"549";"1271";"1";"1";"142"
"800";"1272";"1";"1";"134"
"800";"1272";"2";"1";"134"
"800";"1272";"3";"1";"134"
"787";"1273";"4";"1";"134"
"877";"1274";"1";"1";"29"
